age;job;marital;education;default;balance;housing;loan;contact;day;month;duration;campaign;pdays;previous;poutcome;y
33;services;1;secondary;0;4789;1;1;cellular;11;may;220;1;339;4;failure;0
35;management;0;tertiary;0;1350;1;0;cellular;16;apr;185;1;330;1;failure;0
35;management;0;tertiary;0;747;0;0;cellular;23;feb;141;2;176;3;failure;0
36;self-employed;1;tertiary;0;307;1;0;cellular;14;may;341;1;330;2;other;0
43;services;1;primary;0;-88;1;1;cellular;17;apr;313;1;147;2;failure;0
31;blue-collar;1;secondary;0;360;1;1;cellular;29;jan;89;1;241;1;failure;0
37;admin.;0;tertiary;0;2317;1;0;cellular;20;apr;114;1;152;2;failure;0
31;services;1;secondary;0;132;0;0;cellular;7;jul;148;1;152;1;other;0
33;management;1;secondary;0;3935;1;0;cellular;6;may;765;1;342;2;failure;1
55;blue-collar;1;primary;0;145;0;0;telephone;2;feb;59;3;5;2;other;0
34;technician;1;tertiary;0;1539;1;0;cellular;15;jun;441;1;56;1;other;1
51;blue-collar;2;secondary;0;203;1;0;cellular;8;may;134;1;170;5;failure;0
37;management;1;tertiary;0;0;0;0;cellular;16;jul;268;2;182;3;success;1
41;blue-collar;2;secondary;0;174;1;0;cellular;14;may;367;2;297;1;other;0
40;unemployed;1;secondary;0;219;1;0;cellular;17;nov;204;2;196;1;failure;0
52;services;1;secondary;0;657;0;0;telephone;7;jul;398;2;460;2;failure;1
30;admin.;0;tertiary;0;261;0;0;cellular;19;oct;233;1;137;20;failure;0
36;blue-collar;2;secondary;0;2843;0;0;cellular;12;feb;473;1;182;1;success;0
38;management;0;tertiary;0;493;1;0;cellular;11;may;553;1;367;7;failure;0
32;management;0;tertiary;0;574;1;0;cellular;14;apr;259;2;145;3;failure;0
21;student;0;secondary;0;2488;0;0;cellular;30;jun;258;6;169;3;success;1
33;blue-collar;0;secondary;0;22;0;0;cellular;30;jan;76;2;207;1;failure;0
51;management;0;tertiary;1;-55;1;0;cellular;11;may;281;2;266;6;failure;0
32;blue-collar;0;secondary;0;228;0;0;telephone;5;feb;176;1;288;3;failure;0
29;admin.;0;secondary;0;428;1;1;cellular;7;may;54;1;345;2;failure;0
46;admin.;1;secondary;0;179;1;0;cellular;29;jan;194;4;436;1;other;0
55;admin.;1;secondary;0;602;0;0;cellular;1;jun;324;3;90;2;success;1
55;technician;1;secondary;0;273;1;0;cellular;29;jan;84;3;183;3;failure;0
28;management;0;tertiary;0;80;0;0;cellular;20;oct;676;2;146;2;failure;1
40;admin.;0;secondary;0;462;1;1;cellular;6;apr;272;1;335;4;other;0
37;admin.;1;secondary;0;176;1;0;cellular;5;may;147;2;347;1;failure;0
37;admin.;1;tertiary;0;0;1;0;cellular;17;nov;65;2;119;1;failure;0
34;admin.;1;tertiary;0;899;1;0;telephone;19;nov;377;3;7;4;success;0
37;services;0;secondary;0;21;1;0;cellular;2;feb;96;1;271;2;other;0
36;technician;1;secondary;0;23;1;0;cellular;8;may;152;2;347;1;failure;0
75;retired;1;secondary;0;3771;0;0;telephone;15;apr;185;1;181;2;success;1
34;technician;0;tertiary;0;992;1;0;cellular;4;may;301;1;88;2;success;0
35;technician;0;tertiary;0;2658;1;0;cellular;19;aug;768;2;141;3;failure;1
39;management;2;tertiary;0;1315;1;0;cellular;19;nov;1337;4;126;1;failure;0
29;technician;1;secondary;0;1599;1;0;cellular;8;jul;115;1;61;1;failure;0
38;services;0;secondary;0;-196;1;0;cellular;2;feb;60;1;271;1;failure;0
38;technician;1;tertiary;0;432;1;0;cellular;15;may;10;2;373;1;other;0
30;blue-collar;1;secondary;0;975;1;0;cellular;13;may;256;2;351;2;failure;0
33;technician;1;secondary;0;359;1;0;cellular;20;apr;210;1;242;1;other;0
35;technician;1;tertiary;0;0;1;1;cellular;23;sep;112;1;62;6;other;0
44;technician;0;secondary;0;33;1;0;cellular;13;may;195;3;351;10;failure;0
45;blue-collar;0;secondary;0;0;1;0;cellular;26;jul;768;2;91;5;success;0
33;blue-collar;1;secondary;0;3576;1;0;cellular;2;apr;124;1;308;2;other;0
36;management;1;tertiary;0;0;1;0;cellular;28;jan;60;1;250;1;other;0
43;technician;1;secondary;0;0;0;1;cellular;8;may;9;2;172;5;failure;0
58;retired;1;primary;0;3401;1;0;cellular;3;feb;84;3;265;2;failure;0
58;technician;1;tertiary;0;883;0;0;cellular;18;aug;543;1;78;2;failure;0
40;services;1;secondary;0;0;1;0;cellular;2;jun;297;1;28;3;failure;0
35;housemaid;1;tertiary;0;11219;0;0;cellular;12;aug;699;2;79;1;failure;0
34;admin.;1;tertiary;0;69;0;1;cellular;4;aug;120;3;1;6;success;1
65;retired;2;primary;0;1840;0;0;cellular;1;jun;383;2;188;5;failure;0
49;blue-collar;1;secondary;0;8545;1;1;cellular;6;may;199;7;167;1;failure;0
25;admin.;0;tertiary;0;760;1;0;cellular;27;may;223;3;89;2;failure;1
35;entrepreneur;1;secondary;0;2971;0;0;cellular;4;may;429;4;164;2;failure;1
38;management;1;tertiary;0;1199;0;0;cellular;4;aug;178;1;1;1;success;1
33;technician;1;secondary;0;6699;0;0;cellular;9;nov;425;1;462;1;failure;0
35;unemployed;1;secondary;0;978;0;0;cellular;29;dec;1370;3;209;3;success;1
29;technician;0;tertiary;0;828;1;0;cellular;16;apr;215;3;321;3;other;0
33;management;0;tertiary;0;1410;1;0;cellular;5;feb;8;1;254;5;failure;0
63;retired;1;primary;0;1084;0;0;cellular;14;oct;201;1;183;1;success;0
41;management;1;tertiary;0;832;1;1;cellular;21;nov;164;1;176;1;failure;0
36;blue-collar;0;secondary;0;219;1;1;cellular;11;may;270;2;347;1;failure;0
55;management;1;primary;0;2587;0;0;cellular;4;sep;328;2;94;2;success;1
47;self-employed;1;tertiary;0;2303;1;0;cellular;6;may;323;2;364;1;failure;0
50;management;1;tertiary;0;4;0;0;cellular;17;nov;223;1;96;2;failure;0
29;management;1;tertiary;0;318;1;0;cellular;18;may;1434;2;356;4;failure;0
32;management;0;tertiary;0;8436;1;0;cellular;17;apr;245;1;149;2;failure;0
30;entrepreneur;1;secondary;0;946;1;0;cellular;19;nov;1065;1;183;1;other;0
42;admin.;1;secondary;0;-396;1;0;cellular;11;may;80;1;308;4;failure;0
30;services;0;secondary;0;0;1;0;cellular;18;may;131;6;363;9;failure;0
37;management;1;tertiary;0;393;1;0;cellular;14;may;567;3;275;4;failure;1
39;blue-collar;1;secondary;0;0;1;0;cellular;30;apr;53;1;325;1;failure;0
37;services;1;secondary;0;1328;1;0;telephone;13;may;121;2;341;4;failure;0
33;management;0;tertiary;0;1240;1;0;cellular;4;feb;505;2;260;1;other;0
33;blue-collar;1;secondary;0;43;1;0;cellular;14;may;332;2;358;2;failure;0
37;technician;0;tertiary;0;6101;0;0;cellular;4;may;60;5;87;1;success;0
44;management;1;secondary;0;438;1;0;telephone;8;may;37;3;303;1;failure;0
54;admin.;1;secondary;0;0;0;0;cellular;28;jan;161;1;98;2;failure;1
75;retired;2;tertiary;0;3810;1;0;cellular;16;nov;262;1;183;1;failure;1
37;management;1;tertiary;0;502;1;0;cellular;7;may;551;1;351;1;failure;0
37;management;0;tertiary;0;876;1;0;cellular;15;apr;140;4;327;2;failure;0
43;blue-collar;1;secondary;0;130;0;0;cellular;5;may;156;1;337;3;failure;0
27;admin.;0;secondary;0;619;1;0;cellular;20;apr;16;5;322;4;other;0
43;management;2;tertiary;0;36;0;0;cellular;26;may;118;1;102;2;failure;0
32;blue-collar;1;secondary;0;889;1;0;cellular;10;sep;185;1;99;5;success;1
59;housemaid;1;secondary;0;0;0;0;telephone;3;feb;722;1;99;4;failure;0
77;retired;1;tertiary;0;7802;0;0;telephone;4;may;421;1;92;2;success;1
40;technician;1;secondary;0;694;1;0;cellular;4;feb;97;4;196;5;failure;0
53;admin.;1;secondary;0;1796;0;0;telephone;16;mar;295;1;91;2;success;1
50;housemaid;1;secondary;0;7317;1;0;cellular;13;may;172;1;370;1;failure;0
32;management;0;tertiary;0;12607;0;0;cellular;14;aug;203;5;84;1;failure;0
38;blue-collar;1;secondary;0;121;1;1;cellular;6;feb;168;1;212;2;failure;0
52;technician;1;secondary;0;195;1;0;cellular;18;feb;220;1;63;5;failure;1
45;unemployed;2;primary;0;757;0;0;cellular;20;apr;103;1;325;4;failure;0
34;management;1;tertiary;0;902;1;0;cellular;14;may;159;1;367;2;other;0
61;retired;1;secondary;0;5207;0;0;cellular;11;sep;336;1;81;2;other;0
43;admin.;2;secondary;0;738;1;0;cellular;21;nov;585;4;191;4;failure;0
43;services;1;primary;0;2567;1;0;cellular;14;may;109;1;360;2;failure;0
47;admin.;0;secondary;0;3696;0;0;cellular;12;jul;250;2;181;4;success;1
34;technician;1;secondary;0;-228;1;0;cellular;20;apr;187;3;332;3;other;0
63;retired;1;secondary;0;2747;0;0;cellular;11;sep;113;1;80;1;failure;0
37;admin.;1;secondary;0;1314;1;0;cellular;8;may;682;2;85;7;success;0
50;technician;1;secondary;0;2497;1;0;cellular;21;nov;35;1;176;1;failure;0
40;technician;1;secondary;0;56;1;1;cellular;29;jan;194;1;247;1;failure;0
53;management;1;tertiary;0;1319;1;0;cellular;16;apr;427;1;150;1;failure;0
49;blue-collar;1;secondary;0;171;0;0;cellular;4;feb;19;3;175;2;other;0
33;technician;0;tertiary;0;696;0;1;cellular;5;feb;193;1;176;8;failure;0
47;housemaid;1;primary;0;201;1;0;cellular;7;aug;58;2;382;1;failure;0
50;blue-collar;1;primary;0;12519;1;0;cellular;17;apr;146;2;147;4;success;0
39;technician;1;tertiary;0;1161;1;0;cellular;9;apr;236;1;336;1;failure;0
35;technician;1;tertiary;0;7050;0;0;cellular;11;aug;222;3;182;4;success;1
40;management;0;tertiary;0;1509;0;0;cellular;12;may;333;1;58;3;failure;0
59;management;1;tertiary;0;2764;0;0;cellular;24;dec;237;1;206;2;failure;0
33;technician;1;tertiary;0;8023;0;0;cellular;30;nov;107;1;105;3;failure;0
46;management;2;tertiary;0;6269;1;0;telephone;18;nov;249;3;112;2;failure;0
60;management;1;primary;0;252;1;1;cellular;13;apr;123;2;147;3;failure;0
33;housemaid;0;tertiary;0;23663;1;0;cellular;16;apr;199;2;146;2;failure;0
27;entrepreneur;0;tertiary;0;81;0;0;cellular;5;feb;197;1;199;3;failure;0
64;retired;1;primary;0;43;0;0;cellular;11;mar;117;1;91;1;success;0
47;technician;1;secondary;0;57;0;0;cellular;5;may;253;1;342;1;success;0
36;technician;2;secondary;0;666;1;1;cellular;3;apr;190;1;133;1;other;0
53;entrepreneur;1;primary;0;1034;1;0;cellular;19;nov;854;2;170;3;other;0
54;technician;1;secondary;0;0;0;0;telephone;16;nov;986;1;94;8;failure;0
55;management;1;primary;0;621;0;1;cellular;2;feb;114;1;208;1;failure;0
44;technician;1;secondary;0;310;1;0;cellular;6;feb;200;1;253;1;failure;0
37;technician;1;secondary;0;64;1;0;cellular;12;may;239;4;278;2;other;0
28;services;0;secondary;0;168;0;0;cellular;1;jun;347;3;140;2;success;1
46;services;1;secondary;0;1550;1;0;cellular;16;apr;126;2;149;8;failure;0
35;entrepreneur;1;tertiary;0;0;0;0;cellular;5;may;74;1;168;4;failure;0
25;student;0;secondary;0;1790;0;0;cellular;17;apr;224;1;322;3;failure;0
40;blue-collar;1;secondary;0;498;1;0;cellular;8;may;55;2;298;4;failure;0
26;technician;0;secondary;0;455;0;0;cellular;29;jan;240;1;182;8;other;0
31;management;1;tertiary;0;1010;1;0;cellular;15;may;385;3;364;9;other;0
48;blue-collar;1;primary;0;1092;0;1;cellular;18;nov;79;1;172;8;failure;0
36;technician;0;secondary;0;1855;1;0;cellular;4;feb;75;1;273;1;failure;0
46;services;1;secondary;0;0;1;0;cellular;22;jun;154;1;124;1;other;0
28;services;1;secondary;0;0;1;0;cellular;5;may;335;2;281;8;failure;0
37;management;2;secondary;0;414;0;0;cellular;29;jan;293;2;162;4;failure;0
52;management;1;tertiary;0;1944;1;0;cellular;15;apr;238;3;323;2;failure;0
28;technician;0;secondary;0;3;0;0;telephone;18;may;40;8;349;6;failure;0
50;management;1;tertiary;0;2881;0;0;cellular;5;aug;510;2;2;5;other;0
30;blue-collar;0;secondary;0;445;1;0;cellular;16;apr;218;1;330;2;failure;0
40;management;1;secondary;0;643;1;0;cellular;17;apr;74;2;256;1;failure;0
40;management;1;tertiary;0;-1212;1;0;cellular;15;may;1259;2;333;18;failure;0
41;technician;1;secondary;0;2125;1;1;cellular;21;nov;285;3;116;4;failure;0
32;technician;0;secondary;0;271;1;0;cellular;13;may;80;2;268;2;other;0
47;technician;1;secondary;0;-75;1;0;cellular;4;feb;57;1;247;1;other;0
27;services;1;secondary;0;58;1;0;cellular;7;may;113;1;337;2;other;0
31;management;0;tertiary;0;112;1;0;cellular;2;feb;159;2;271;1;failure;0
40;self-employed;1;tertiary;0;13669;0;0;cellular;15;oct;138;1;136;8;other;0
43;management;1;tertiary;0;1429;1;0;cellular;19;nov;1015;1;198;2;other;1
47;unemployed;1;primary;0;168;1;0;telephone;30;jan;66;1;241;1;other;0
39;services;0;secondary;0;7066;1;0;cellular;15;may;667;3;357;3;other;1
59;management;0;secondary;0;671;1;1;cellular;29;jan;219;2;259;5;failure;0
55;housemaid;2;primary;0;976;0;0;cellular;28;jun;345;1;94;3;other;1
46;management;2;tertiary;0;624;0;0;cellular;17;sep;336;2;183;2;success;1
36;blue-collar;1;secondary;0;-461;0;0;cellular;11;may;254;2;353;1;failure;0
34;technician;0;tertiary;0;144;1;1;cellular;14;oct;104;1;85;19;failure;0
56;technician;1;secondary;0;150;1;1;cellular;11;may;102;6;349;1;failure;0
38;management;0;tertiary;0;15030;1;0;cellular;13;may;167;1;174;7;other;0
26;admin.;0;secondary;0;255;0;0;cellular;30;apr;457;1;80;1;success;1
31;technician;0;secondary;0;102;1;0;telephone;17;apr;460;2;345;2;failure;0
45;entrepreneur;1;primary;0;58;1;0;telephone;13;may;119;3;371;3;failure;0
28;management;0;tertiary;0;882;0;1;cellular;29;jan;94;1;205;2;failure;0
27;student;0;tertiary;0;5291;0;0;cellular;12;nov;192;2;92;2;failure;1
49;management;0;secondary;0;61;1;0;cellular;29;jan;185;2;246;1;failure;0
30;technician;0;tertiary;0;3;1;0;cellular;6;may;45;2;169;2;failure;0
34;admin.;1;tertiary;0;35;1;0;cellular;15;oct;76;1;69;2;failure;0
31;blue-collar;1;primary;0;99;1;0;cellular;17;apr;193;2;322;1;other;0
41;management;1;tertiary;0;-29;0;0;cellular;29;jan;41;2;266;2;failure;0
38;admin.;1;primary;0;3913;1;0;cellular;20;apr;196;2;315;2;failure;0
34;management;1;tertiary;0;0;1;0;cellular;7;aug;262;1;99;2;success;1
36;management;1;tertiary;0;222;1;0;cellular;6;may;317;1;169;2;failure;0
27;unemployed;0;secondary;0;3276;0;0;cellular;5;aug;106;1;110;2;other;0
52;technician;1;secondary;0;196;1;1;cellular;24;feb;116;1;273;3;failure;0
35;blue-collar;1;secondary;0;6411;1;1;cellular;30;jan;144;1;266;2;failure;0
58;self-employed;1;primary;0;1013;1;0;cellular;11;aug;206;1;461;1;failure;1
37;technician;0;secondary;0;5436;1;0;cellular;6;may;7;11;351;1;failure;0
59;self-employed;1;tertiary;0;2013;0;0;cellular;19;feb;222;4;94;2;success;1
34;management;0;tertiary;0;673;1;1;cellular;20;nov;271;1;184;1;failure;0
20;student;0;secondary;0;291;0;0;telephone;11;may;172;5;371;5;failure;0
42;technician;1;secondary;0;994;1;0;cellular;11;aug;149;1;78;5;failure;1
38;management;1;tertiary;0;-70;1;0;cellular;30;jan;140;1;2;3;other;0
55;blue-collar;2;secondary;0;1613;1;0;cellular;3;apr;296;1;270;3;failure;1
30;admin.;0;secondary;0;81;1;0;cellular;6;aug;121;6;112;3;other;0
34;services;1;secondary;0;1337;0;0;cellular;17;dec;330;2;127;3;success;1
63;entrepreneur;1;secondary;0;3904;0;0;telephone;4;aug;250;2;187;2;success;1
48;management;1;tertiary;0;1147;0;0;cellular;5;aug;389;1;64;2;success;1
38;blue-collar;1;secondary;0;0;1;0;cellular;13;may;57;5;349;1;other;0
30;management;0;tertiary;0;726;1;0;cellular;16;apr;39;1;342;3;failure;0
54;unknown;1;secondary;0;2206;0;0;cellular;12;nov;104;1;99;2;other;1
38;admin.;1;tertiary;0;1988;0;0;cellular;27;mar;164;2;130;2;failure;1
64;housemaid;1;primary;0;768;0;0;cellular;15;jul;250;2;182;1;success;0
46;technician;1;tertiary;0;217;1;0;cellular;14;may;141;1;346;2;other;0
45;management;2;tertiary;0;2096;0;0;cellular;21;nov;127;1;100;2;failure;0
59;management;1;tertiary;0;1831;0;0;cellular;17;feb;122;1;92;1;failure;0
37;blue-collar;0;primary;0;851;1;0;cellular;15;may;151;1;352;1;failure;0
43;management;0;tertiary;0;146;0;0;cellular;21;nov;50;1;113;5;other;0
59;technician;1;secondary;0;1;0;0;cellular;15;apr;159;2;378;3;failure;1
37;technician;1;secondary;0;480;0;0;cellular;22;oct;344;2;182;8;other;1
35;technician;1;secondary;0;2789;1;0;cellular;4;sep;256;2;94;1;failure;0
42;technician;0;tertiary;0;-411;1;0;cellular;12;may;78;5;292;3;failure;0
32;technician;1;tertiary;0;4089;0;0;cellular;26;may;114;7;287;3;failure;0
36;management;0;tertiary;0;243;1;0;cellular;7;may;160;2;360;3;failure;0
36;services;0;secondary;0;1482;1;0;cellular;18;nov;177;2;174;1;other;0
47;admin.;1;secondary;0;1934;0;1;cellular;14;may;225;1;364;1;failure;0
31;management;0;tertiary;0;62;1;0;cellular;18;may;175;1;293;5;failure;0
35;unemployed;1;secondary;0;977;1;0;cellular;4;may;52;4;91;1;other;0
32;technician;0;tertiary;0;5514;0;0;cellular;22;apr;319;1;182;1;success;1
34;technician;0;secondary;0;2729;1;0;cellular;6;apr;945;1;139;1;success;0
50;management;1;tertiary;0;-470;1;0;cellular;8;may;506;2;170;3;failure;0
34;services;1;secondary;0;1076;0;0;cellular;12;may;152;1;182;6;success;1
71;technician;1;tertiary;0;383;0;0;cellular;27;oct;327;2;183;3;success;0
33;blue-collar;0;secondary;0;706;1;0;cellular;7;apr;329;1;322;1;failure;0
36;management;1;secondary;0;1825;1;0;cellular;14;may;24;1;346;1;failure;0
59;self-employed;1;tertiary;0;185;0;0;cellular;22;jun;177;5;138;1;failure;0
58;retired;0;secondary;0;1640;0;1;cellular;4;feb;72;6;274;4;failure;0
60;admin.;2;secondary;0;174;1;0;cellular;15;may;241;1;364;1;failure;0
36;management;0;tertiary;0;490;0;0;cellular;28;aug;207;8;98;1;failure;1
29;management;0;tertiary;0;15459;0;0;cellular;26;may;245;3;97;7;success;0
51;blue-collar;1;secondary;0;160;1;0;cellular;7;may;136;1;359;1;failure;0
32;admin.;2;secondary;1;5;1;1;cellular;18;may;82;3;363;2;other;0
27;services;1;secondary;0;54;1;0;cellular;18;may;97;1;370;1;failure;0
35;blue-collar;1;primary;0;298;1;0;cellular;13;may;135;2;370;2;failure;0
43;blue-collar;1;primary;0;-98;1;1;cellular;12;may;112;2;330;3;other;0
41;blue-collar;1;secondary;0;-217;1;0;cellular;11;may;313;1;349;3;other;0
41;management;2;tertiary;0;5037;0;0;cellular;23;apr;252;9;185;5;other;1
32;management;1;tertiary;0;913;1;0;cellular;23;jun;883;1;674;4;failure;0
31;management;1;secondary;0;625;1;0;cellular;7;apr;424;1;138;1;failure;0
51;services;1;secondary;0;867;1;0;cellular;3;feb;177;2;211;3;failure;0
80;retired;1;secondary;0;8304;0;0;telephone;9;jun;712;1;64;12;failure;1
48;management;1;tertiary;0;60;0;0;telephone;7;may;376;2;339;7;failure;0
46;blue-collar;1;primary;0;91;1;0;cellular;6;may;29;1;356;2;failure;0
41;entrepreneur;1;tertiary;0;171;1;0;cellular;19;nov;209;1;191;4;failure;0
33;blue-collar;2;primary;0;142;1;0;telephone;11;may;41;2;300;5;failure;0
40;management;0;tertiary;0;1509;0;0;cellular;15;mar;144;2;124;1;failure;0
27;admin.;1;secondary;0;710;1;1;cellular;6;may;653;1;334;2;success;1
40;management;2;tertiary;0;69;1;0;cellular;6;may;503;2;280;2;failure;0
34;admin.;1;secondary;0;1499;1;0;cellular;13;apr;186;1;327;2;failure;0
83;retired;1;primary;0;425;0;0;telephone;22;jun;883;1;140;1;failure;1
29;admin.;0;secondary;0;1448;0;0;cellular;10;mar;217;1;184;7;other;0
45;self-employed;1;secondary;0;706;0;0;cellular;30;apr;78;2;176;1;success;0
46;admin.;1;secondary;0;368;0;0;cellular;20;aug;293;1;90;4;other;1
41;blue-collar;1;secondary;0;121;1;0;cellular;13;may;16;6;176;5;other;0
24;admin.;1;secondary;0;299;1;0;cellular;6;may;209;1;321;1;failure;0
50;services;1;secondary;0;254;1;0;cellular;15;apr;397;2;337;1;failure;0
25;management;0;tertiary;0;553;1;0;cellular;17;sep;113;4;479;1;failure;0
21;services;0;secondary;0;361;0;0;telephone;5;jun;329;1;95;1;other;0
34;technician;0;secondary;0;341;0;1;cellular;29;jan;136;1;262;3;failure;0
37;blue-collar;1;primary;0;37;1;0;cellular;13;may;24;2;362;1;other;0
35;blue-collar;0;secondary;0;0;1;0;cellular;16;apr;1174;1;345;4;other;1
28;admin.;1;secondary;0;-97;1;0;cellular;29;jan;79;1;225;2;success;0
32;student;0;tertiary;0;0;0;0;cellular;6;aug;101;5;3;6;other;0
36;management;1;tertiary;0;495;0;0;cellular;5;aug;157;3;97;2;success;1
38;entrepreneur;1;secondary;0;157;0;1;cellular;15;may;57;11;366;1;other;0
77;retired;1;tertiary;0;0;0;0;cellular;16;oct;847;1;60;1;success;1
73;retired;1;primary;0;1388;0;0;cellular;20;jul;146;3;190;3;success;0
57;technician;2;primary;0;13;1;0;cellular;8;may;323;2;368;2;failure;0
33;management;1;tertiary;0;3696;0;0;cellular;19;nov;305;1;182;3;failure;0
38;management;1;tertiary;0;0;1;0;cellular;13;may;537;5;303;2;failure;0
59;technician;1;secondary;0;259;0;0;cellular;15;jun;415;1;89;1;success;1
38;technician;0;tertiary;0;744;1;0;cellular;14;may;283;1;288;12;other;0
35;technician;0;tertiary;0;7546;1;0;cellular;28;dec;137;1;122;3;failure;0
39;blue-collar;1;secondary;0;0;1;0;cellular;7;may;502;1;7;2;failure;0
29;technician;0;secondary;0;113;0;0;cellular;12;feb;328;2;183;4;success;1
45;technician;1;secondary;0;1415;1;0;cellular;17;nov;483;1;116;1;failure;0
32;technician;1;secondary;0;286;0;0;cellular;20;apr;60;1;343;4;failure;0
35;management;1;tertiary;0;93;0;0;cellular;4;may;198;2;88;1;other;0
38;blue-collar;1;secondary;0;1663;1;0;cellular;13;apr;217;3;327;1;failure;0
42;blue-collar;1;primary;0;792;1;1;cellular;19;nov;611;2;175;12;other;0
37;services;1;secondary;0;4760;1;0;cellular;8;may;182;2;169;2;failure;0
50;blue-collar;2;secondary;0;203;1;0;telephone;19;nov;265;1;127;4;other;0
43;self-employed;1;secondary;0;634;1;0;cellular;17;nov;65;1;131;1;failure;0
54;entrepreneur;1;tertiary;0;1544;0;1;cellular;5;feb;85;7;196;3;failure;0
36;blue-collar;1;primary;0;49;1;0;cellular;15;may;232;2;365;5;other;0
34;blue-collar;0;primary;0;464;1;0;cellular;18;may;173;1;299;2;other;0
37;management;1;tertiary;0;539;0;0;cellular;18;jan;540;2;115;3;failure;0
46;blue-collar;1;primary;0;2558;1;0;telephone;20;nov;107;1;167;1;other;0
70;retired;1;secondary;0;2815;0;0;cellular;26;apr;125;2;182;1;failure;0
32;management;1;secondary;0;6217;1;1;cellular;18;nov;486;2;181;2;failure;0
55;self-employed;1;secondary;0;203;1;0;telephone;14;may;9;5;174;12;other;0
36;services;1;secondary;0;1746;1;0;cellular;7;apr;15;1;316;1;failure;0
38;technician;1;secondary;0;821;1;1;cellular;17;nov;224;2;180;1;failure;0
59;blue-collar;1;primary;0;699;0;0;cellular;28;jan;98;1;154;6;failure;0
42;unemployed;2;secondary;0;759;0;0;cellular;28;jan;97;1;169;3;failure;0
33;blue-collar;1;secondary;0;687;1;0;cellular;14;may;72;2;370;1;failure;0
53;retired;1;secondary;0;4968;0;0;cellular;6;may;109;1;87;2;failure;0
36;admin.;2;secondary;0;356;1;0;cellular;7;apr;244;3;313;1;failure;0
53;blue-collar;1;primary;0;306;0;0;cellular;28;jul;388;3;181;1;success;1
47;blue-collar;1;primary;0;556;1;0;cellular;4;feb;147;2;264;4;other;0
32;management;1;tertiary;0;4761;1;0;cellular;5;may;159;2;350;2;failure;0
40;admin.;1;secondary;0;168;1;0;cellular;7;may;249;2;169;1;failure;0
43;admin.;1;secondary;0;132;0;0;cellular;19;aug;574;1;84;3;success;1
34;blue-collar;1;secondary;0;7;1;1;cellular;2;feb;171;2;193;2;other;0
31;management;0;tertiary;0;3283;0;0;cellular;2;feb;258;1;73;1;failure;1
40;unemployed;2;secondary;0;507;1;0;cellular;2;feb;134;1;266;7;failure;0
56;blue-collar;1;secondary;0;2190;0;1;cellular;30;jan;90;2;232;1;failure;0
48;management;1;secondary;0;4415;1;0;cellular;8;apr;1032;3;141;7;failure;1
53;admin.;0;secondary;0;2398;1;0;cellular;2;aug;317;1;180;2;failure;1
40;admin.;0;secondary;0;100;1;0;cellular;11;aug;221;1;461;1;success;1
49;admin.;1;secondary;0;197;1;0;cellular;13;apr;223;1;182;2;failure;1
40;technician;0;tertiary;0;825;1;0;cellular;20;apr;38;1;335;1;other;0
47;housemaid;0;tertiary;0;3232;0;0;telephone;6;oct;541;1;204;3;failure;0
29;management;0;tertiary;0;1445;0;0;cellular;26;apr;328;2;143;2;success;1
35;technician;1;secondary;0;0;1;0;cellular;9;nov;524;1;96;5;success;1
35;self-employed;0;tertiary;0;44;0;0;cellular;7;sep;310;2;96;2;other;0
29;admin.;0;secondary;0;1992;0;0;cellular;8;jul;202;1;87;2;failure;0
51;management;0;tertiary;0;297;1;0;cellular;15;may;415;4;375;1;failure;1
32;technician;0;tertiary;0;13711;1;0;cellular;14;may;638;1;175;3;success;0
37;services;0;secondary;0;1175;1;0;cellular;15;may;102;1;333;2;failure;0
70;retired;1;tertiary;0;15834;0;0;cellular;5;apr;172;3;186;1;failure;0
28;blue-collar;1;secondary;0;373;1;0;cellular;14;may;10;9;344;1;failure;0
27;blue-collar;1;secondary;0;2171;1;0;cellular;16;apr;130;1;323;1;other;0
46;admin.;1;secondary;0;4958;1;0;cellular;17;nov;64;3;150;5;other;0
50;management;1;tertiary;0;4374;1;0;cellular;21;nov;163;2;113;3;failure;0
36;services;0;secondary;0;774;1;0;cellular;3;feb;231;2;259;1;failure;0
37;blue-collar;1;primary;0;0;1;0;cellular;6;may;226;1;363;3;other;0
38;blue-collar;1;primary;0;2240;1;0;cellular;19;nov;551;1;183;1;failure;0
48;management;2;tertiary;0;541;1;0;cellular;14;may;72;1;363;2;other;0
47;blue-collar;1;secondary;0;1230;1;0;cellular;30;apr;412;1;169;1;success;1
32;admin.;0;secondary;0;45;1;1;cellular;14;may;908;3;344;7;other;0
86;retired;1;secondary;0;1503;0;0;telephone;18;mar;165;3;101;1;other;0
42;management;1;primary;0;-679;1;1;cellular;6;may;159;1;343;2;failure;0
34;services;2;secondary;0;991;1;0;cellular;6;may;89;1;344;1;failure;0
30;blue-collar;0;secondary;0;180;0;0;cellular;14;jul;203;1;183;2;failure;0
34;technician;0;secondary;0;440;1;0;cellular;6;may;445;2;345;2;failure;0
39;technician;1;secondary;0;-735;1;0;cellular;30;jan;144;5;248;2;failure;0
39;technician;2;secondary;0;902;1;0;cellular;10;feb;691;2;180;5;failure;1
28;student;0;tertiary;0;0;0;0;cellular;28;sep;294;2;105;7;other;1
46;management;1;tertiary;0;273;1;0;cellular;18;mar;910;2;184;4;success;1
54;retired;1;secondary;0;1139;1;0;cellular;14;may;155;1;177;7;failure;0
54;blue-collar;1;secondary;0;0;0;0;telephone;16;apr;1366;1;150;1;failure;0
29;management;0;tertiary;0;1026;0;0;cellular;12;nov;226;1;92;1;other;1
22;student;0;primary;0;3472;0;0;cellular;20;oct;332;1;183;3;failure;1
49;blue-collar;1;primary;0;474;1;1;telephone;9;feb;152;3;221;1;failure;0
46;entrepreneur;0;tertiary;0;1410;1;0;cellular;19;nov;93;1;189;8;failure;0
41;admin.;2;secondary;0;6046;1;1;telephone;15;mar;300;6;182;2;success;1
36;admin.;0;tertiary;0;980;0;0;cellular;11;nov;118;4;104;7;failure;0
77;retired;1;primary;0;680;0;0;telephone;24;feb;513;2;89;7;failure;0
35;technician;1;secondary;0;-259;1;0;cellular;29;jan;381;1;247;2;failure;0
34;technician;0;secondary;0;105;1;0;cellular;7;may;146;2;171;3;failure;0
45;blue-collar;1;secondary;0;2926;1;1;cellular;19;nov;482;3;120;2;failure;0
28;blue-collar;1;primary;0;60;1;0;cellular;6;may;161;1;337;1;failure;0
32;admin.;0;tertiary;0;1583;1;0;cellular;19;nov;100;1;182;1;failure;0
28;blue-collar;0;secondary;0;1065;1;1;cellular;17;apr;406;1;317;1;failure;0
51;unemployed;1;secondary;0;-13;1;0;cellular;13;may;361;1;364;1;failure;0
31;blue-collar;0;secondary;0;609;1;0;cellular;14;apr;1126;1;335;1;failure;0
40;management;0;tertiary;0;0;1;0;cellular;23;feb;228;2;182;6;failure;1
51;blue-collar;1;primary;0;42;1;0;cellular;12;may;51;2;342;3;failure;0
59;management;1;primary;0;1727;0;0;telephone;25;may;500;4;358;2;failure;1
30;management;1;tertiary;0;1942;1;1;cellular;21;nov;436;2;178;3;other;1
59;technician;1;primary;0;4198;0;0;cellular;14;jan;309;1;91;10;success;1
52;blue-collar;1;primary;0;230;1;0;cellular;6;may;198;2;170;2;failure;0
48;technician;1;secondary;0;568;1;0;cellular;2;sep;378;2;386;1;success;1
41;housemaid;2;primary;0;22;1;0;cellular;18;nov;238;3;126;4;other;0
47;technician;1;secondary;0;1167;1;0;cellular;30;apr;968;1;87;5;failure;1
38;management;0;tertiary;0;35;1;0;cellular;17;apr;156;1;273;3;failure;0
80;retired;1;secondary;0;8304;0;0;telephone;6;apr;681;1;118;11;success;0
69;retired;1;tertiary;0;473;0;0;cellular;7;jul;112;1;78;1;failure;0
26;management;0;tertiary;0;592;0;0;telephone;29;jan;145;2;164;1;other;0
58;management;1;tertiary;0;9339;1;0;telephone;18;nov;52;3;172;3;other;0
38;self-employed;2;tertiary;0;1513;0;0;cellular;7;may;330;1;342;1;failure;0
24;student;0;secondary;0;508;1;0;telephone;18;may;12;3;374;1;other;0
48;unemployed;1;secondary;0;817;0;0;cellular;14;jan;517;1;282;4;success;1
41;technician;2;secondary;0;348;1;0;cellular;7;may;225;2;275;2;failure;0
35;housemaid;1;tertiary;0;1265;1;0;cellular;15;may;326;5;179;4;failure;1
37;management;1;tertiary;0;4089;1;0;cellular;2;feb;289;2;174;4;other;1
51;blue-collar;2;primary;0;602;1;0;cellular;11;may;347;1;284;2;failure;0
33;services;1;secondary;0;386;0;0;cellular;12;nov;253;1;92;4;failure;1
47;technician;1;secondary;0;826;1;0;telephone;18;nov;195;3;112;8;other;0
28;blue-collar;0;secondary;0;-46;1;0;cellular;1;sep;199;1;92;14;success;1
32;blue-collar;0;secondary;0;33;1;0;cellular;18;may;125;1;368;4;failure;0
40;services;1;secondary;0;1438;1;0;cellular;6;may;207;1;351;2;failure;0
46;admin.;0;secondary;0;1693;1;0;cellular;25;jan;137;1;97;1;success;0
54;management;2;tertiary;0;26306;1;0;cellular;11;feb;27;1;84;3;failure;0
34;management;1;tertiary;0;3301;1;0;cellular;17;jun;485;2;227;4;failure;1
24;student;0;secondary;0;822;0;0;cellular;27;oct;184;1;91;2;failure;1
33;blue-collar;1;secondary;0;139;1;1;cellular;18;may;732;2;291;5;failure;1
46;management;0;tertiary;0;46;0;1;cellular;17;nov;80;1;152;1;failure;0
34;admin.;0;secondary;0;10;0;1;cellular;18;nov;162;1;173;3;failure;0
49;unemployed;2;tertiary;0;780;0;0;cellular;8;nov;148;1;871;2;failure;0
37;management;1;tertiary;0;238;0;0;cellular;3;feb;185;1;92;1;success;1
36;management;0;tertiary;0;1531;1;0;cellular;8;may;81;3;170;1;failure;0
58;retired;1;secondary;0;502;1;0;cellular;12;may;197;2;370;3;failure;0
55;admin.;1;secondary;0;0;0;0;cellular;23;sep;180;2;238;3;success;0
34;management;0;tertiary;0;171;1;0;cellular;7;may;191;1;294;1;failure;0
38;technician;1;secondary;0;1931;0;0;cellular;2;jun;167;1;298;10;other;0
34;entrepreneur;1;secondary;0;2;1;1;cellular;5;may;184;1;167;6;failure;0
48;technician;1;secondary;0;197;0;1;cellular;3;feb;47;2;222;3;other;0
28;technician;0;secondary;0;769;1;0;cellular;15;may;153;1;371;2;failure;0
36;technician;1;tertiary;0;6;1;0;cellular;27;jan;100;1;435;1;failure;0
53;admin.;1;secondary;0;225;1;0;cellular;20;apr;304;1;340;1;failure;0
38;admin.;0;secondary;0;883;1;0;cellular;12;may;95;1;327;9;other;0
30;management;1;tertiary;0;102;1;0;cellular;5;apr;470;7;426;3;other;1
33;admin.;0;tertiary;0;490;1;0;cellular;7;may;31;1;363;2;failure;0
26;services;0;secondary;0;512;1;1;cellular;30;jan;206;5;239;3;failure;0
36;services;0;secondary;0;417;1;0;cellular;6;feb;15;10;207;3;failure;0
33;admin.;2;secondary;0;661;1;0;cellular;18;nov;411;1;173;2;other;0
43;services;0;secondary;0;3403;1;0;cellular;12;nov;707;2;97;2;success;1
42;blue-collar;2;secondary;0;1491;1;0;cellular;6;may;203;2;334;2;failure;0
32;technician;0;secondary;0;6402;1;0;cellular;6;may;158;1;167;1;success;0
30;management;1;tertiary;0;877;0;0;cellular;13;aug;202;1;83;5;failure;0
40;technician;1;secondary;0;0;1;1;cellular;26;jul;105;2;172;1;failure;0
26;student;0;secondary;0;203;0;0;cellular;16;nov;104;1;196;1;failure;0
52;technician;1;secondary;0;1818;0;1;cellular;17;nov;189;2;111;4;failure;0
42;unemployed;1;secondary;0;1289;0;0;cellular;15;jul;250;4;415;2;failure;1
73;retired;1;primary;0;796;0;0;cellular;23;oct;427;1;182;2;failure;1
51;technician;1;secondary;0;117;0;0;cellular;24;aug;467;2;88;4;other;1
39;management;1;tertiary;0;691;1;1;cellular;16;apr;517;1;255;1;failure;0
35;management;1;secondary;0;724;1;0;cellular;14;jul;287;2;415;1;failure;1
30;blue-collar;1;secondary;0;-28;1;0;cellular;18;may;284;2;371;1;failure;0
46;blue-collar;1;primary;0;665;0;0;cellular;30;jan;89;4;235;2;failure;0
36;management;1;tertiary;0;925;0;0;cellular;14;dec;321;3;189;4;success;1
26;blue-collar;0;primary;0;155;1;0;cellular;29;jan;291;1;244;4;failure;0
22;student;0;secondary;0;2488;0;0;cellular;8;nov;449;2;38;10;other;1
32;management;1;tertiary;0;1667;1;0;cellular;18;nov;164;2;179;3;failure;0
50;admin.;2;secondary;0;769;0;0;cellular;28;jul;72;2;363;4;failure;0
35;blue-collar;1;secondary;0;1257;1;0;cellular;20;apr;93;3;329;7;failure;0
56;entrepreneur;2;primary;0;29;0;0;cellular;29;jan;52;2;227;1;failure;0
44;technician;2;secondary;0;14;0;0;cellular;13;nov;167;1;92;1;success;1
31;management;1;tertiary;0;4148;1;0;cellular;21;nov;316;3;99;9;other;1
49;unemployed;1;tertiary;0;377;0;0;cellular;22;may;158;1;59;2;failure;0
34;admin.;2;secondary;0;479;1;0;cellular;12;may;515;1;350;5;failure;1
44;blue-collar;1;secondary;0;1071;1;0;cellular;11;may;143;3;357;1;failure;0
55;admin.;1;secondary;0;865;1;0;cellular;17;apr;85;1;151;1;failure;0
52;technician;1;tertiary;0;2557;0;0;cellular;28;jan;134;5;204;2;success;1
32;technician;1;secondary;0;4;0;0;cellular;4;feb;145;2;260;4;failure;0
36;blue-collar;0;primary;0;367;0;0;cellular;2;feb;217;1;221;1;failure;0
36;admin.;1;secondary;0;725;1;0;cellular;27;feb;123;3;99;8;failure;0
45;blue-collar;1;secondary;0;776;1;0;cellular;6;feb;232;4;253;1;failure;0
28;technician;0;secondary;0;1453;1;0;cellular;12;may;246;1;343;1;other;0
27;admin.;0;tertiary;0;3672;1;0;cellular;15;may;157;2;351;5;failure;0
45;blue-collar;0;secondary;0;0;1;0;cellular;26;apr;1472;1;192;4;failure;1
36;management;1;tertiary;0;1133;1;0;cellular;4;aug;293;1;181;2;other;1
59;admin.;1;secondary;0;92;1;0;cellular;12;may;139;2;350;1;failure;0
27;student;0;tertiary;0;3733;1;0;cellular;22;may;198;1;98;6;success;1
46;admin.;1;secondary;0;0;1;1;cellular;20;apr;239;2;259;2;failure;0
35;self-employed;1;tertiary;0;560;1;0;cellular;2;apr;58;1;136;1;failure;0
29;management;0;tertiary;0;437;0;0;cellular;5;aug;504;1;92;1;success;1
74;retired;1;secondary;0;935;0;0;cellular;26;jan;100;1;104;1;other;0
57;blue-collar;1;secondary;0;1521;1;1;cellular;18;may;102;2;178;5;failure;0
34;management;1;tertiary;0;1310;0;0;telephone;30;jan;521;3;158;7;other;0
55;management;2;tertiary;0;9756;1;0;cellular;5;jun;103;2;95;1;other;1
37;blue-collar;1;primary;0;403;1;0;cellular;8;may;318;2;338;1;success;0
45;technician;2;secondary;0;809;1;0;cellular;13;may;155;2;363;4;failure;0
33;management;1;tertiary;0;287;1;0;cellular;15;may;199;2;274;3;other;0
47;technician;2;tertiary;0;477;1;0;telephone;7;may;973;1;366;1;failure;0
32;technician;0;secondary;0;230;1;0;cellular;18;may;442;1;266;8;failure;1
60;admin.;1;secondary;0;-396;1;0;cellular;11;may;443;1;350;1;failure;0
34;management;1;tertiary;0;1657;1;0;cellular;18;may;566;2;356;4;failure;0
39;technician;1;secondary;0;994;0;0;cellular;5;feb;221;1;241;1;failure;0
34;blue-collar;1;secondary;0;1221;1;0;cellular;6;may;182;1;90;8;failure;0
42;blue-collar;1;secondary;0;2157;1;0;cellular;13;may;149;1;364;2;failure;0
37;management;1;primary;0;22856;0;0;cellular;2;jul;154;1;388;1;failure;0
35;technician;0;secondary;0;5731;1;0;cellular;4;may;164;2;167;4;other;0
56;admin.;1;secondary;0;1270;1;0;cellular;17;nov;80;2;165;2;other;0
41;admin.;0;secondary;0;748;0;0;telephone;21;nov;94;7;130;3;other;0
57;entrepreneur;2;secondary;1;25;1;0;cellular;11;may;652;1;370;4;other;0
26;admin.;0;secondary;0;96;1;0;cellular;13;may;612;2;348;3;other;0
39;management;1;tertiary;0;763;1;0;cellular;11;may;877;7;300;2;other;1
36;management;1;tertiary;0;1582;0;0;telephone;3;feb;26;2;197;1;failure;0
43;blue-collar;1;secondary;0;699;1;1;cellular;20;nov;1258;2;122;2;other;1
47;blue-collar;1;primary;0;881;1;0;cellular;14;may;143;1;370;2;failure;0
38;technician;1;secondary;0;6728;0;0;cellular;25;nov;232;1;96;4;success;1
40;self-employed;1;secondary;0;167;1;1;cellular;8;may;380;4;295;1;failure;0
32;technician;0;tertiary;0;1625;0;0;cellular;22;may;796;1;109;1;failure;1
23;blue-collar;0;primary;0;8627;1;0;cellular;15;may;169;1;346;1;failure;0
31;management;0;tertiary;0;2590;0;0;cellular;23;sep;103;2;484;2;other;0
61;housemaid;1;primary;0;848;0;0;cellular;27;apr;605;1;187;1;other;0
43;management;1;secondary;0;481;1;0;telephone;18;nov;164;1;110;2;other;0
32;management;0;tertiary;0;697;0;0;cellular;7;aug;119;1;99;3;failure;0
39;management;1;tertiary;0;894;1;0;cellular;20;apr;491;1;326;1;other;0
37;blue-collar;1;primary;0;655;1;0;cellular;5;feb;127;2;258;4;failure;0
56;retired;2;primary;0;694;0;0;cellular;29;jan;144;1;102;1;other;1
41;technician;0;tertiary;0;1646;1;0;cellular;4;feb;261;1;184;6;success;1
29;admin.;0;tertiary;0;14;0;0;cellular;29;sep;87;1;120;1;failure;0
39;admin.;1;secondary;0;260;1;0;cellular;17;apr;146;1;281;1;failure;0
49;blue-collar;1;secondary;0;2039;1;0;cellular;6;may;451;1;169;2;failure;1
46;blue-collar;1;primary;0;147;1;0;cellular;6;may;116;2;169;3;failure;0
36;technician;1;secondary;0;55;1;0;cellular;13;may;38;2;369;4;failure;0
35;management;1;tertiary;0;552;1;1;cellular;19;nov;314;2;124;1;failure;0
32;blue-collar;1;secondary;0;1787;1;0;cellular;12;may;87;4;357;4;failure;0
31;management;0;tertiary;0;12569;0;0;cellular;9;sep;344;1;295;1;failure;1
46;blue-collar;1;secondary;0;4855;1;0;cellular;10;aug;1529;1;397;1;failure;0
47;technician;1;tertiary;0;2408;0;0;cellular;12;aug;236;1;104;1;success;0
37;blue-collar;1;secondary;0;346;1;0;cellular;17;apr;390;1;316;1;failure;0
38;entrepreneur;1;tertiary;0;1514;0;1;cellular;21;nov;160;3;120;3;failure;0
38;entrepreneur;0;secondary;0;2543;0;0;cellular;10;aug;223;1;414;4;failure;1
56;blue-collar;1;primary;0;828;1;0;cellular;14;may;214;1;349;1;failure;0
47;housemaid;1;secondary;0;3940;1;0;cellular;9;nov;171;2;96;5;success;0
37;admin.;1;secondary;0;7;1;0;cellular;27;may;224;7;105;1;other;0
60;admin.;1;secondary;0;3735;0;0;cellular;22;dec;190;1;188;9;success;1
44;blue-collar;1;secondary;0;508;1;0;cellular;20;apr;222;1;154;1;failure;0
43;blue-collar;1;primary;0;60;0;0;cellular;8;may;487;2;367;2;other;0
37;blue-collar;1;secondary;0;342;1;0;cellular;12;may;340;2;175;1;failure;0
36;blue-collar;0;tertiary;0;1830;0;0;cellular;14;oct;183;1;91;11;failure;0
38;management;0;tertiary;0;16957;1;0;telephone;29;jan;208;1;247;2;failure;0
40;management;1;tertiary;0;0;0;0;cellular;10;nov;147;1;96;8;success;1
50;technician;2;secondary;0;-54;1;1;cellular;13;may;698;2;292;1;failure;1
55;unemployed;1;tertiary;0;4809;1;0;cellular;21;nov;223;2;186;3;other;0
34;admin.;1;secondary;0;2374;1;0;cellular;9;nov;161;1;209;2;failure;1
32;admin.;0;secondary;0;92;1;0;cellular;18;may;110;1;315;2;failure;0
40;blue-collar;1;primary;0;1397;1;0;telephone;12;may;58;2;334;1;failure;0
35;services;0;secondary;0;414;1;0;cellular;20;apr;11;5;319;2;other;0
38;technician;1;secondary;0;4030;1;0;cellular;19;nov;75;2;177;5;failure;0
52;admin.;1;secondary;0;0;0;0;cellular;22;apr;91;2;275;1;failure;0
43;management;0;tertiary;0;1696;1;0;cellular;26;aug;257;1;474;3;failure;1
34;blue-collar;1;secondary;0;856;1;0;cellular;20;apr;470;1;150;5;other;0
34;technician;0;secondary;0;347;1;0;cellular;6;feb;154;2;197;6;failure;0
31;technician;0;secondary;0;2544;0;0;cellular;15;jul;252;1;184;3;success;1
46;management;1;tertiary;0;523;1;0;cellular;6;may;105;4;366;2;failure;0
56;retired;1;secondary;0;3948;0;0;cellular;3;apr;484;1;135;3;failure;0
66;retired;1;primary;0;747;0;0;telephone;28;jan;203;3;93;1;failure;0
39;self-employed;1;tertiary;0;585;1;0;cellular;18;nov;48;1;181;3;failure;0
28;technician;1;secondary;0;232;1;1;cellular;29;jan;72;1;261;1;failure;0
53;self-employed;1;tertiary;0;451;1;0;cellular;2;feb;125;1;249;2;failure;0
32;admin.;0;secondary;0;678;1;0;cellular;4;feb;1579;1;246;4;failure;1
45;technician;2;secondary;0;976;1;0;cellular;17;apr;183;1;338;2;failure;0
36;admin.;0;secondary;0;1927;1;0;cellular;18;nov;288;1;137;1;other;0
75;blue-collar;1;secondary;0;6053;0;0;cellular;11;feb;865;2;190;1;failure;0
35;admin.;1;secondary;0;725;1;0;cellular;20;nov;219;7;133;1;failure;0
50;entrepreneur;1;secondary;0;806;1;1;cellular;7;may;141;8;297;2;other;0
55;management;2;tertiary;0;481;1;0;telephone;8;may;147;2;298;3;failure;0
28;admin.;0;secondary;0;4745;0;0;telephone;12;may;360;1;181;5;success;1
33;blue-collar;1;secondary;0;331;1;0;cellular;14;may;178;7;365;5;other;0
79;retired;1;primary;0;8556;0;0;telephone;18;jan;326;2;272;2;success;1
77;retired;1;primary;0;680;0;0;telephone;27;nov;341;4;94;3;failure;0
29;admin.;1;secondary;0;22171;1;0;cellular;18;may;44;1;355;3;failure;0
56;management;1;tertiary;0;856;1;1;cellular;4;feb;70;4;7;7;other;0
32;blue-collar;0;secondary;0;53;1;0;cellular;18;nov;276;1;195;1;failure;0
43;blue-collar;1;primary;0;2519;1;0;cellular;16;apr;257;2;146;9;other;0
52;blue-collar;1;secondary;0;2087;1;0;cellular;31;aug;267;1;474;1;failure;1
27;management;0;tertiary;0;390;0;0;cellular;28;oct;190;1;82;1;success;0
54;technician;1;tertiary;0;876;0;0;cellular;27;oct;269;3;541;3;success;1
36;management;1;tertiary;0;495;0;0;cellular;12;mar;213;3;182;6;success;1
45;admin.;1;primary;0;542;0;0;cellular;11;may;8;5;350;3;other;0
35;management;1;tertiary;0;24;1;0;cellular;8;apr;169;1;231;2;failure;0
45;blue-collar;1;secondary;0;192;1;0;cellular;13;may;154;5;176;1;other;0
35;blue-collar;1;secondary;0;262;0;0;cellular;2;jul;96;2;109;4;success;0
44;services;0;secondary;0;5045;1;0;cellular;21;nov;20;6;175;15;other;0
59;entrepreneur;1;primary;0;0;0;0;telephone;19;nov;207;2;153;1;failure;0
33;technician;0;secondary;0;1279;1;0;cellular;18;may;239;2;349;3;success;0
30;admin.;0;secondary;0;127;1;0;cellular;18;may;16;6;368;1;other;0
32;technician;2;secondary;0;202;1;0;cellular;4;feb;429;1;201;1;failure;0
28;self-employed;0;tertiary;0;442;0;0;cellular;19;jun;474;3;95;3;other;1
27;technician;0;tertiary;0;808;1;0;cellular;15;may;578;1;364;1;other;0
38;management;0;tertiary;0;427;1;0;cellular;6;may;17;3;169;2;failure;0
60;services;1;tertiary;0;4256;1;0;cellular;16;aug;239;3;761;1;other;1
52;services;2;secondary;0;238;1;0;cellular;6;may;101;1;362;5;other;0
64;retired;1;tertiary;0;846;0;0;cellular;11;feb;671;1;181;3;failure;1
35;self-employed;1;tertiary;0;980;0;0;cellular;2;aug;428;2;336;6;failure;0
33;admin.;1;tertiary;0;79;1;0;cellular;22;oct;249;2;335;2;failure;1
25;management;0;tertiary;0;808;0;0;cellular;18;sep;267;2;114;2;failure;1
31;management;1;tertiary;0;22546;1;0;cellular;14;may;8;6;267;4;failure;0
29;blue-collar;1;secondary;0;228;1;0;cellular;11;may;12;8;342;9;failure;0
40;services;1;secondary;0;-378;1;1;cellular;13;may;541;1;295;6;failure;0
55;admin.;1;secondary;0;865;1;0;cellular;27;oct;96;1;111;3;failure;0
31;admin.;1;secondary;0;389;1;0;cellular;7;dec;69;1;185;2;failure;0
34;entrepreneur;1;secondary;0;1847;1;0;cellular;9;apr;543;3;321;6;failure;0
57;services;2;secondary;0;4664;0;0;cellular;21;nov;22;4;114;1;failure;0
31;student;0;tertiary;0;64;0;0;cellular;15;sep;208;1;105;2;success;0
49;unemployed;1;tertiary;0;-471;1;0;cellular;20;nov;77;3;185;7;failure;0
33;blue-collar;1;secondary;0;26;1;0;cellular;17;apr;342;3;332;1;other;0
33;blue-collar;0;secondary;0;142;1;0;cellular;14;may;123;1;360;3;other;0
38;unknown;0;tertiary;0;0;0;0;cellular;11;sep;260;3;95;3;success;1
46;services;1;secondary;0;4;0;0;cellular;30;apr;268;1;261;5;other;1
40;management;2;tertiary;0;502;1;0;cellular;3;feb;267;4;270;3;other;0
38;management;0;tertiary;0;8669;1;0;telephone;20;apr;5;3;150;6;failure;0
45;admin.;1;secondary;0;72;1;1;cellular;15;may;262;2;352;2;failure;0
60;admin.;1;secondary;0;2552;0;1;cellular;30;jan;255;2;2;4;other;0
40;self-employed;1;primary;0;2077;1;0;cellular;13;may;363;1;173;24;other;0
41;blue-collar;1;primary;0;7735;1;0;cellular;20;nov;220;1;190;1;failure;0
58;management;1;secondary;0;139;0;0;cellular;27;may;188;1;161;2;other;0
29;management;0;tertiary;0;21;1;0;cellular;14;may;107;4;371;3;failure;0
34;admin.;1;secondary;0;5320;0;0;cellular;3;mar;114;6;467;5;other;0
38;services;1;secondary;0;8876;0;0;cellular;2;feb;280;1;75;1;failure;0
34;blue-collar;1;secondary;0;360;1;0;telephone;19;nov;46;1;182;2;failure;0
52;admin.;1;secondary;0;199;0;0;cellular;28;jan;978;2;189;1;other;0
46;blue-collar;1;primary;0;1291;1;0;cellular;14;may;142;3;259;17;failure;0
40;unemployed;1;secondary;0;0;1;0;cellular;19;nov;332;1;183;1;failure;0
40;management;1;tertiary;0;7780;0;0;telephone;4;may;364;1;355;1;other;0
30;management;1;secondary;0;-559;1;1;cellular;7;may;98;1;167;2;failure;0
36;management;0;tertiary;0;-679;1;1;cellular;7;may;172;1;93;1;failure;0
58;services;2;secondary;0;462;0;0;cellular;13;nov;495;1;93;1;success;1
32;management;2;tertiary;0;883;1;0;cellular;10;dec;798;1;185;5;other;1
39;self-employed;1;secondary;0;31;1;0;cellular;20;nov;61;2;181;4;failure;0
54;technician;1;secondary;0;0;0;0;telephone;14;aug;159;2;106;6;success;0
32;management;0;tertiary;0;347;1;0;cellular;18;may;213;1;264;6;failure;0
31;technician;1;secondary;0;0;1;1;cellular;28;jan;71;1;223;9;other;0
33;services;2;secondary;0;2411;1;0;cellular;23;oct;130;1;161;1;failure;1
46;management;2;tertiary;0;225;1;0;cellular;14;may;201;1;345;1;other;0
50;management;1;tertiary;0;112;1;0;cellular;4;nov;70;5;85;5;other;0
47;admin.;0;secondary;0;1544;1;0;cellular;6;apr;104;1;312;1;failure;0
39;technician;1;secondary;0;6;1;0;cellular;18;may;122;3;357;4;failure;0
39;admin.;1;secondary;0;-650;0;0;cellular;15;may;123;2;364;1;failure;0
50;management;1;tertiary;0;78;1;0;cellular;14;jan;218;3;161;9;other;0
34;housemaid;1;tertiary;0;0;0;0;cellular;26;may;141;1;188;1;failure;0
31;management;1;tertiary;0;1384;1;0;cellular;30;jan;203;2;2;3;other;0
46;blue-collar;1;secondary;0;-1400;1;0;telephone;6;may;309;3;355;4;failure;0
43;blue-collar;1;secondary;0;2160;0;0;cellular;8;sep;261;1;98;1;success;1
27;technician;0;secondary;0;842;0;0;cellular;30;jul;273;1;91;1;other;0
42;blue-collar;0;primary;0;1628;1;0;cellular;5;feb;119;1;195;8;success;0
70;retired;1;secondary;0;1164;0;0;telephone;14;may;338;3;185;2;failure;0
50;management;2;tertiary;0;356;0;0;cellular;8;may;198;2;358;5;other;0
50;self-employed;1;tertiary;0;202;1;0;cellular;15;apr;107;1;148;4;failure;0
34;technician;1;secondary;0;114;1;1;cellular;4;jun;153;1;309;3;other;0
36;technician;1;tertiary;0;629;1;1;cellular;29;dec;109;1;246;1;failure;0
27;student;0;secondary;0;268;1;0;cellular;13;may;528;1;358;2;failure;0
58;admin.;0;secondary;0;2223;0;0;cellular;4;dec;1139;2;114;1;success;0
30;management;0;tertiary;0;2;0;0;cellular;16;jun;102;1;85;1;failure;0
26;services;0;secondary;0;1347;0;0;telephone;18;jun;280;6;92;5;other;1
26;services;0;secondary;0;5533;1;0;cellular;7;may;582;2;283;4;failure;0
42;admin.;0;secondary;0;30;1;0;cellular;4;feb;98;1;266;3;failure;0
39;management;0;tertiary;0;0;1;0;cellular;12;may;561;4;369;3;failure;0
43;management;2;tertiary;0;497;0;0;cellular;13;may;66;1;363;22;failure;0
30;admin.;0;tertiary;0;305;0;0;cellular;30;apr;633;1;85;2;success;1
29;technician;1;tertiary;0;858;1;0;cellular;12;jun;234;7;330;1;failure;0
80;housemaid;1;primary;0;0;0;0;cellular;23;feb;639;1;189;1;failure;1
31;management;1;tertiary;0;1331;0;0;cellular;30;apr;297;1;86;3;success;1
57;admin.;2;primary;0;179;1;0;cellular;15;may;67;1;368;2;failure;0
51;management;1;tertiary;0;5108;1;0;cellular;8;oct;272;1;102;8;other;0
42;blue-collar;1;primary;0;-97;1;0;cellular;3;feb;216;4;271;5;failure;0
43;management;1;tertiary;0;489;1;0;cellular;8;may;130;1;172;2;other;0
34;self-employed;1;tertiary;0;263;0;0;cellular;4;may;203;1;78;8;other;0
35;management;2;tertiary;0;434;1;0;cellular;11;may;277;1;271;2;success;0
37;housemaid;2;secondary;0;1040;1;0;cellular;13;may;199;1;173;2;failure;0
52;retired;1;secondary;0;424;0;0;cellular;19;nov;143;1;154;3;failure;0
42;admin.;0;secondary;0;-247;1;1;telephone;21;oct;519;1;166;1;other;1
50;management;1;tertiary;0;-470;1;0;cellular;19;nov;130;2;160;1;failure;0
39;technician;1;secondary;0;116;0;0;cellular;24;aug;79;2;94;2;success;0
33;blue-collar;0;secondary;0;3975;1;1;cellular;17;apr;515;1;150;1;other;0
42;services;1;secondary;0;96;1;0;cellular;5;may;238;3;340;2;failure;0
55;technician;2;secondary;0;3450;0;0;cellular;10;feb;169;1;183;1;failure;1
46;management;0;tertiary;0;334;1;0;telephone;4;may;36;6;90;2;other;0
41;management;2;tertiary;0;3355;0;0;cellular;14;oct;181;2;500;1;failure;0
30;technician;0;tertiary;0;2325;0;0;cellular;5;apr;270;3;241;4;other;0
31;blue-collar;1;secondary;0;1664;1;0;cellular;20;apr;158;1;182;1;success;0
31;management;1;tertiary;0;623;1;0;cellular;13;may;96;2;349;5;failure;0
32;admin.;1;secondary;0;3540;1;0;cellular;18;may;213;1;178;1;failure;0
53;services;2;secondary;0;765;1;0;cellular;14;may;959;3;174;7;other;1
34;management;0;tertiary;0;8038;1;0;cellular;20;apr;29;3;152;1;failure;0
36;self-employed;1;secondary;0;189;1;0;cellular;19;nov;136;1;120;1;failure;0
29;housemaid;0;tertiary;0;19;0;0;cellular;5;feb;110;2;64;2;success;1
50;unknown;1;primary;0;341;1;1;cellular;20;apr;670;4;340;2;success;1
39;admin.;1;secondary;0;607;1;0;cellular;12;may;454;2;364;3;failure;1
26;management;0;tertiary;0;1274;1;0;cellular;1;jun;190;1;84;1;failure;0
51;blue-collar;1;primary;0;377;1;0;telephone;3;feb;143;4;272;1;failure;0
26;admin.;0;secondary;0;802;0;0;cellular;30;jan;77;1;2;2;other;0
36;management;2;tertiary;0;649;0;0;cellular;16;jul;237;2;91;1;failure;0
26;student;0;tertiary;0;294;0;0;cellular;5;mar;87;1;91;2;success;1
57;admin.;1;secondary;0;169;0;0;cellular;14;aug;180;1;106;2;failure;0
36;self-employed;1;tertiary;0;506;0;0;cellular;25;aug;47;1;120;1;failure;0
47;management;0;tertiary;0;4402;0;0;telephone;10;dec;805;1;190;1;other;1
31;services;2;primary;0;459;1;0;cellular;7;may;623;1;293;1;success;1
36;blue-collar;1;primary;0;1177;0;0;cellular;15;apr;330;1;311;4;success;1
48;blue-collar;1;secondary;0;1143;1;0;cellular;17;apr;264;1;317;1;failure;0
57;retired;1;primary;0;-464;1;0;cellular;4;feb;75;1;190;6;failure;0
51;retired;2;secondary;0;1679;0;0;cellular;12;aug;417;1;365;9;other;1
47;admin.;1;secondary;0;3676;0;0;cellular;18;oct;567;1;95;3;success;1
25;management;1;tertiary;0;-242;1;1;cellular;18;may;600;4;332;4;other;1
45;services;0;secondary;0;1757;1;0;cellular;20;apr;1010;3;326;1;other;0
50;technician;0;secondary;0;246;1;0;cellular;17;nov;270;1;123;2;failure;0
44;blue-collar;1;primary;0;887;1;0;cellular;12;may;165;2;363;1;failure;0
50;self-employed;1;secondary;0;2061;1;1;cellular;29;jan;197;2;244;3;failure;0
48;management;1;tertiary;1;-13;1;0;cellular;15;may;20;6;291;2;other;0
66;retired;1;tertiary;0;1948;0;0;cellular;28;jan;216;1;91;4;success;1
43;blue-collar;0;secondary;0;24;0;0;cellular;12;may;68;1;363;1;failure;0
43;blue-collar;1;primary;0;188;1;0;cellular;12;may;58;3;347;5;failure;0
44;management;1;tertiary;0;724;1;0;cellular;17;nov;157;2;172;1;failure;0
53;admin.;2;secondary;0;26;1;0;cellular;7;may;56;1;359;1;failure;0
55;blue-collar;1;primary;0;1086;1;0;cellular;6;may;146;1;272;2;failure;0
38;housemaid;2;secondary;0;70;0;0;cellular;27;oct;255;3;148;1;success;1
43;technician;1;secondary;0;0;1;1;cellular;4;feb;539;8;204;5;failure;0
38;blue-collar;2;secondary;0;0;1;0;cellular;11;may;580;1;173;1;failure;0
40;technician;1;secondary;0;4441;1;0;cellular;20;nov;153;2;183;2;failure;0
71;unknown;1;tertiary;0;353;0;0;cellular;27;jan;208;1;93;2;failure;0
30;technician;0;tertiary;0;1185;1;0;cellular;30;apr;284;1;339;1;failure;0
32;blue-collar;1;secondary;0;2;1;0;cellular;15;may;16;9;309;1;failure;0
40;services;1;secondary;0;9374;1;0;cellular;21;nov;7;8;185;1;failure;0
31;admin.;2;secondary;0;360;0;0;cellular;15;may;332;1;297;2;other;0
28;technician;0;secondary;0;1532;0;0;cellular;22;may;253;1;107;5;failure;0
29;management;0;tertiary;0;1673;0;0;cellular;16;aug;200;2;159;3;other;0
70;retired;1;secondary;0;616;0;0;cellular;27;apr;149;2;182;1;failure;0
36;services;1;secondary;0;3064;1;0;telephone;26;aug;240;3;107;4;failure;0
31;services;0;secondary;0;481;1;0;cellular;20;nov;106;2;183;2;failure;0
28;admin.;1;secondary;0;12;1;0;cellular;30;jan;73;3;256;3;other;0
53;blue-collar;1;primary;0;53;1;0;cellular;7;apr;208;1;140;1;failure;0
40;blue-collar;1;primary;0;2805;1;0;cellular;14;may;173;6;353;23;failure;0
51;management;1;tertiary;0;1612;0;0;cellular;16;mar;384;1;182;5;failure;0
32;blue-collar;1;secondary;1;-53;1;0;cellular;16;apr;648;1;272;1;other;1
69;retired;0;tertiary;0;2144;0;0;cellular;29;jul;417;1;184;4;success;1
26;entrepreneur;1;tertiary;0;37;1;1;cellular;6;may;207;1;363;2;failure;0
34;management;1;tertiary;0;436;1;0;cellular;17;apr;28;1;345;1;failure;0
33;technician;0;secondary;0;647;1;1;cellular;4;feb;124;1;273;1;other;0
50;blue-collar;1;primary;0;2142;1;0;cellular;29;jan;309;2;224;1;other;0
33;services;0;secondary;0;358;1;0;cellular;7;may;302;1;356;3;failure;0
32;management;0;tertiary;0;473;1;0;cellular;11;may;72;2;361;1;other;0
37;management;1;tertiary;0;0;0;0;cellular;11;mar;129;4;107;2;failure;0
33;technician;1;tertiary;0;8023;0;0;cellular;25;feb;196;1;87;4;failure;0
21;student;0;secondary;0;6844;0;0;cellular;14;aug;126;3;127;7;other;0
53;unemployed;1;secondary;0;94;0;0;cellular;10;aug;493;1;181;14;success;1
57;retired;1;secondary;0;1044;0;0;telephone;11;jan;585;1;192;2;success;1
35;services;2;secondary;0;221;1;0;cellular;14;may;150;1;360;1;failure;0
27;student;0;tertiary;0;-148;1;0;cellular;11;sep;146;3;224;1;other;0
52;technician;1;tertiary;0;0;0;0;cellular;9;aug;145;3;94;4;success;0
31;management;0;tertiary;0;1130;1;0;cellular;17;apr;224;3;74;4;failure;0
48;blue-collar;1;secondary;0;480;1;0;cellular;15;may;830;1;352;2;failure;1
36;unemployed;1;secondary;0;-872;1;1;cellular;20;nov;153;1;183;1;failure;0
37;blue-collar;2;secondary;0;33;1;0;cellular;20;nov;106;2;167;1;failure;0
40;student;1;secondary;0;260;0;0;cellular;19;nov;52;1;152;6;failure;0
57;technician;1;secondary;0;589;1;0;cellular;2;feb;223;1;76;4;failure;0
30;technician;0;secondary;0;-522;1;1;cellular;5;may;670;2;286;6;failure;1
37;unemployed;1;secondary;0;1978;0;0;cellular;9;sep;404;1;182;1;success;1
53;admin.;1;secondary;0;459;0;0;cellular;14;oct;317;6;192;1;success;0
62;self-employed;2;tertiary;0;6;1;0;cellular;13;oct;216;1;183;4;success;1
38;technician;0;secondary;0;-242;1;0;cellular;18;may;1173;3;278;6;success;1
33;management;0;tertiary;0;201;1;0;cellular;19;nov;171;1;183;1;failure;0
58;retired;1;secondary;0;3382;0;1;cellular;28;may;294;2;309;2;failure;0
59;technician;1;secondary;0;2308;0;0;cellular;30;apr;815;1;87;1;other;1
50;technician;1;tertiary;0;199;1;1;cellular;3;feb;116;2;253;1;failure;0
35;admin.;1;secondary;0;147;1;1;cellular;29;jan;41;1;184;7;failure;0
52;management;1;secondary;0;335;0;0;cellular;21;oct;411;1;182;1;failure;1
54;self-employed;1;secondary;0;641;1;0;cellular;17;apr;472;1;148;2;failure;0
40;services;1;tertiary;0;35;0;0;cellular;3;jul;318;4;317;3;failure;0
40;services;0;secondary;0;1547;1;0;cellular;12;may;88;2;173;1;success;0
30;services;0;secondary;0;20;1;0;cellular;20;apr;404;6;340;1;failure;0
31;technician;0;secondary;0;1626;0;0;cellular;7;may;356;2;286;3;failure;0
70;retired;2;secondary;0;6850;0;0;telephone;5;mar;252;3;183;1;failure;0
83;retired;2;primary;0;0;0;0;telephone;31;may;664;1;77;3;success;0
50;management;2;tertiary;0;100;1;1;cellular;13;may;157;1;299;3;failure;0
27;student;0;secondary;0;8366;0;0;cellular;7;may;458;2;349;1;other;0
47;blue-collar;1;secondary;0;2548;1;0;cellular;11;may;577;1;368;1;other;0
51;blue-collar;1;primary;0;40;1;0;cellular;13;may;79;1;370;1;failure;0
32;admin.;1;secondary;0;0;1;1;cellular;17;nov;159;2;195;2;failure;0
40;technician;1;secondary;0;697;0;0;cellular;24;jun;220;2;219;2;other;0
38;blue-collar;0;secondary;0;13156;1;0;cellular;17;apr;291;4;331;1;failure;0
54;services;2;secondary;0;1012;1;0;cellular;12;may;33;3;175;2;other;0
30;technician;0;secondary;0;4787;1;0;cellular;18;nov;266;1;167;2;failure;0
31;blue-collar;1;secondary;0;3653;1;1;cellular;21;nov;252;1;168;4;failure;0
41;retired;0;primary;0;0;0;0;cellular;8;may;239;1;368;2;failure;0
35;blue-collar;1;secondary;0;305;1;0;cellular;18;may;7;7;367;25;failure;0
65;retired;1;primary;0;493;0;0;cellular;16;oct;622;1;182;1;failure;0
45;technician;1;secondary;0;999;1;0;cellular;20;nov;215;6;188;2;failure;0
45;management;0;tertiary;0;2048;1;0;cellular;18;oct;310;1;804;1;failure;1
40;management;1;tertiary;0;-17;1;1;cellular;11;may;474;1;256;1;success;1
35;technician;0;secondary;0;175;1;0;cellular;29;jan;219;1;246;1;failure;0
31;technician;0;secondary;0;4888;1;0;telephone;5;may;475;4;166;2;failure;0
49;blue-collar;0;primary;0;2146;1;0;cellular;7;may;1516;2;353;2;other;1
35;blue-collar;1;secondary;0;5304;1;0;cellular;20;nov;340;1;183;2;failure;0
37;management;1;primary;0;3953;1;0;cellular;6;apr;610;2;138;1;failure;0
29;management;0;tertiary;0;572;0;0;cellular;16;dec;314;1;195;1;success;1
31;admin.;0;secondary;0;223;1;0;cellular;17;apr;508;1;315;11;success;0
33;technician;0;secondary;0;920;1;0;cellular;21;nov;58;1;122;4;failure;0
38;management;0;tertiary;0;623;0;0;cellular;28;jun;297;4;144;4;other;1
33;technician;1;secondary;0;4790;1;0;cellular;20;apr;137;1;272;2;failure;0
53;blue-collar;1;primary;0;238;1;0;cellular;11;may;238;2;361;5;failure;0
31;unemployed;0;secondary;0;315;0;0;cellular;30;jan;130;1;2;1;other;0
45;management;1;tertiary;0;6945;0;0;cellular;5;aug;131;5;356;3;failure;0
32;technician;0;secondary;0;309;1;1;cellular;16;apr;346;1;234;3;failure;0
42;blue-collar;0;secondary;0;1080;1;1;cellular;13;may;951;3;370;4;failure;1
38;blue-collar;1;secondary;0;1205;1;0;cellular;20;apr;45;4;153;1;failure;0
28;blue-collar;1;secondary;0;1137;0;0;cellular;6;feb;129;4;211;3;other;0
44;entrepreneur;0;tertiary;0;1136;1;1;cellular;3;apr;345;2;249;7;other;0
